<?xml version="1.0" encoding="UTF-8"?>
<GenRun Id="impl_1" LaunchPart="xc7z020clg484-1" LaunchTime="1771306213">
  <File Type="PA-TCL" Name="knn_d2s.tcl"/>
  <File Type="REPORTS-TCL" Name="knn_d2s_reports.tcl"/>
  <File Type="INIT-TIMING" Name="knn_d2s_timing_summary_init.rpt"/>
  <File Type="OPT-DCP" Name="knn_d2s_opt.dcp"/>
  <File Type="OPT-DRC" Name="knn_d2s_drc_opted.rpt"/>
  <File Type="OPT-UTIL" Name="knn_d2s_utilization_opted.rpt"/>
  <File Type="OPT-UTIL-PB" Name="knn_d2s_utilization_opted.pb"/>
  <File Type="OPT-METHODOLOGY-DRC" Name="knn_d2s_methodology_drc_opted.rpt"/>
  <File Type="OPT-HWDEF" Name="knn_d2s.hwdef"/>
  <File Type="OPT-TIMING" Name="knn_d2s_timing_summary_opted.rpt"/>
  <File Type="OPT-RQA-PB" Name="knn_d2s_rqa_opted.pb"/>
  <File Type="PWROPT-DCP" Name="knn_d2s_pwropt.dcp"/>
  <File Type="PWROPT-DRC" Name="knn_d2s_drc_pwropted.rpt"/>
  <File Type="PWROPT-TIMING" Name="knn_d2s_timing_summary_pwropted.rpt"/>
  <File Type="PLACE-DCP" Name="knn_d2s_placed.dcp"/>
  <File Type="PLACE-IO" Name="knn_d2s_io_placed.rpt"/>
  <File Type="PLACE-CLK" Name="knn_d2s_clock_utilization_placed.rpt"/>
  <File Type="PLACE-UTIL" Name="knn_d2s_utilization_placed.rpt"/>
  <File Type="PLACE-UTIL-PB" Name="knn_d2s_utilization_placed.pb"/>
  <File Type="PLACE-CTRL" Name="knn_d2s_control_sets_placed.rpt"/>
  <File Type="PLACE-SIMILARITY" Name="knn_d2s_incremental_reuse_placed.rpt"/>
  <File Type="PLACE-PRE-SIMILARITY" Name="knn_d2s_incremental_reuse_pre_placed.rpt"/>
  <File Type="PLACE-TIMING" Name="knn_d2s_timing_summary_placed.rpt"/>
  <File Type="PLACE-RQA-PB" Name="knn_d2s_rqa_placed.pb"/>
  <File Type="POSTPLACE-PWROPT-DCP" Name="knn_d2s_postplace_pwropt.dcp"/>
  <File Type="POSTPLACE-PWROPT-TIMING" Name="knn_d2s_timing_summary_postplace_pwropted.rpt"/>
  <File Type="PHYSOPT-DCP" Name="knn_d2s_physopt.dcp"/>
  <File Type="PHYSOPT-DRC" Name="knn_d2s_drc_physopted.rpt"/>
  <File Type="PHYSOPT-TIMING" Name="knn_d2s_timing_summary_physopted.rpt"/>
  <File Type="ROUTE-ERROR-DCP" Name="knn_d2s_routed_error.dcp"/>
  <File Type="ROUTE-DCP" Name="knn_d2s_routed.dcp"/>
  <File Type="ROUTE-BLACKBOX-DCP" Name="knn_d2s_routed_bb.dcp"/>
  <File Type="ROUTE-UTIL" Name="knn_d2s_utilization_routed.rpt"/>
  <File Type="ROUTE-UTIL-PB" Name="knn_d2s_utilization_routed.pb"/>
  <File Type="ROUTE-DRC" Name="knn_d2s_drc_routed.rpt"/>
  <File Type="ROUTE-DRC-PB" Name="knn_d2s_drc_routed.pb"/>
  <File Type="ROUTE-DRC-RPX" Name="knn_d2s_drc_routed.rpx"/>
  <File Type="ROUTE-METHODOLOGY-DRC" Name="knn_d2s_methodology_drc_routed.rpt"/>
  <File Type="ROUTE-METHODOLOGY-DRC-RPX" Name="knn_d2s_methodology_drc_routed.rpx"/>
  <File Type="ROUTE-METHODOLOGY-DRC-PB" Name="knn_d2s_methodology_drc_routed.pb"/>
  <File Type="ROUTE-PWR" Name="knn_d2s_power_routed.rpt"/>
  <File Type="ROUTE-PWR-SUM" Name="knn_d2s_power_summary_routed.pb"/>
  <File Type="ROUTE-PWR-RPX" Name="knn_d2s_power_routed.rpx"/>
  <File Type="ROUTE-STATUS" Name="knn_d2s_route_status.rpt"/>
  <File Type="ROUTE-STATUS-PB" Name="knn_d2s_route_status.pb"/>
  <File Type="ROUTE-TIMINGSUMMARY" Name="knn_d2s_timing_summary_routed.rpt"/>
  <File Type="ROUTE-TIMING-PB" Name="knn_d2s_timing_summary_routed.pb"/>
  <File Type="ROUTE-TIMING-RPX" Name="knn_d2s_timing_summary_routed.rpx"/>
  <File Type="ROUTE-SIMILARITY" Name="knn_d2s_incremental_reuse_routed.rpt"/>
  <File Type="ROUTE-CLK" Name="knn_d2s_clock_utilization_routed.rpt"/>
  <File Type="ROUTE-BUS-SKEW" Name="knn_d2s_bus_skew_routed.rpt"/>
  <File Type="ROUTE-BUS-SKEW-PB" Name="knn_d2s_bus_skew_routed.pb"/>
  <File Type="ROUTE-BUS-SKEW-RPX" Name="knn_d2s_bus_skew_routed.rpx"/>
  <File Type="ROUTE-RQS-PB" Name="knn_d2s_rqs_routed.pb"/>
  <File Type="POSTROUTE-PHYSOPT-DCP" Name="knn_d2s_postroute_physopt.dcp"/>
  <File Type="POSTROUTE-PHYSOPT-BLACKBOX-DCP" Name="knn_d2s_postroute_physopt_bb.dcp"/>
  <File Type="POSTROUTE-PHYSOPT-TIMING" Name="knn_d2s_timing_summary_postroute_physopted.rpt"/>
  <File Type="POSTROUTE-PHYSOPT-TIMING-PB" Name="knn_d2s_timing_summary_postroute_physopted.pb"/>
  <File Type="POSTROUTE-PHYSOPT-TIMING-RPX" Name="knn_d2s_timing_summary_postroute_physopted.rpx"/>
  <File Type="POSTROUTE-PHYSOPT-BUS-SKEW" Name="knn_d2s_bus_skew_postroute_physopted.rpt"/>
  <File Type="POSTROUTE-PHYSOPT-BUS-SKEW-PB" Name="knn_d2s_bus_skew_postroute_physopted.pb"/>
  <File Type="POSTROUTE-PHYSOPT-BUS-SKEW-RPX" Name="knn_d2s_bus_skew_postroute_physopted.rpx"/>
  <File Type="BG-BIT" Name="knn_d2s.bit"/>
  <File Type="BG-BIN" Name="knn_d2s.bin"/>
  <File Type="BITSTR-MSK" Name="knn_d2s.msk"/>
  <File Type="BITSTR-RBT" Name="knn_d2s.rbt"/>
  <File Type="BITSTR-NKY" Name="knn_d2s.nky"/>
  <File Type="BITSTR-BMM" Name="knn_d2s_bd.bmm"/>
  <File Type="BITSTR-MMI" Name="knn_d2s.mmi"/>
  <File Type="PDI-FILE" Name="knn_d2s.pdi"/>
  <File Type="BOOT-PDI-FILE" Name="knn_d2s_boot.pdi"/>
  <File Type="PL-PDI-FILE" Name="knn_d2s_pld.pdi"/>
  <File Type="RCFI_FILE" Name="knn_d2s.rcfi"/>
  <File Type="CFI_FILE" Name="knn_d2s.cfi"/>
  <File Type="RNPI_FILE" Name="knn_d2s.rnpi"/>
  <File Type="RCDO-FILE" Name="knn_d2s.rcdo"/>
  <File Type="MARKER-RNPI-FILE" Name="knn_d2s_markers.rnpi"/>
  <File Type="MARKER-RCDO-FILE" Name="knn_d2s_markers.rcdo"/>
  <File Type="BOOT_RNPI_FILE" Name="knn_d2s_boot.rnpi"/>
  <File Type="BOOT_MARKER_RNPI_FILE" Name="knn_d2s_boot_markers.rnpi"/>
  <File Type="PL_RNPI_FILE" Name="knn_d2s_pld.rnpi"/>
  <File Type="PL_MARKER_RNPI_FILE" Name="knn_d2s_pld_markers.rnpi"/>
  <File Type="PL_MASK_RNPI_FILE" Name="knn_d2s_pld_mask.rnpi"/>
  <File Type="PL_SHUTDOWN_RNPI_FILE" Name="knn_d2s_pld_shutdown.rnpi"/>
  <File Type="PL_UNMASK_RNPI_FILE" Name="knn_d2s_pld_unmask.rnpi"/>
  <File Type="PL-RCDO-FILE" Name="knn_d2s_pld.rcdo"/>
  <File Type="PL-CLEAR-RCDO-FILE" Name="knn_d2s_pld_clear.rcdo"/>
  <File Type="PL_MARKER_RCDO_FILE" Name="knn_d2s_pld_markers.rcdo"/>
  <File Type="PL_MASK_RCDO_FILE" Name="knn_d2s_pld_mask.rcdo"/>
  <File Type="PL_UNMASK_MARKER_RCDO_FILE" Name="knn_d2s_pld_unmask_markers.rcdo"/>
  <File Type="PL_UNMASK_RCDO_FILE" Name="knn_d2s_pld_unmask.rcdo"/>
  <File Type="NPI_FILE" Name="knn_d2s.npi"/>
  <File Type="RBD_FILE" Name="knn_d2s.rbd"/>
  <File Type="MMI-FILE" Name="knn_d2s.mmi"/>
  <File Type="BIF-FILE" Name="knn_d2s.bif"/>
  <File Type="BOOT-BIF-FILE" Name="knn_d2s_boot.bif"/>
  <File Type="PL-BIF-FILE" Name="knn_d2s_pld.bif"/>
  <File Type="LTX-FILE" Name="knn_d2s.ltx"/>
  <File Type="BOOT-LTX-FILE" Name="knn_d2s_boot.ltx"/>
  <File Type="PL-LTX-FILE" Name="knn_d2s_pld.ltx"/>
  <File Type="BITSTR-LTX" Name="debug_nets.ltx"/>
  <File Type="BITSTR-LTX" Name="knn_d2s.ltx"/>
  <File Type="BITSTR-SYSDEF" Name="knn_d2s.sysdef"/>
  <File Type="BG-BGN" Name="knn_d2s.bgn"/>
  <File Type="BG-DRC" Name="knn_d2s.drc"/>
  <File Type="RDI-RDI" Name="knn_d2s.vdi"/>
  <File Type="WBT-USG" Name="usage_statistics_webtalk.html"/>
  <File Type="ROUTE-RQS" Name="knn_d2s_routed.rqs"/>
  <File Type="POSTROUTE-PHYSOPT-RQS" Name="knn_d2s_postroute_physopted.rqs"/>
  <File Type="ROUTE-RQS-RPT" Name="route_report_qor_suggestions_0.rpt"/>
  <File Type="POSTROUTE-PHYSOPT-RQS-RPT" Name="postroute_physopt_report_qor_suggestions_0.rpt"/>
  <FileSet Name="sources" Type="DesignSrcs" RelSrcDir="$PSRCDIR/sources_1" RelGenDir="$PGENDIR/sources_1">
    <Filter Type="Srcs"/>
    <File Path="$PSRCDIR/sources_1/new/best_k_sorter.v">
      <FileInfo>
        <Attr Name="UsedIn" Val="synthesis"/>
        <Attr Name="UsedIn" Val="implementation"/>
        <Attr Name="UsedIn" Val="simulation"/>
      </FileInfo>
    </File>
    <File Path="$PSRCDIR/sources_1/new/distance_engine.v">
      <FileInfo>
        <Attr Name="UsedIn" Val="synthesis"/>
        <Attr Name="UsedIn" Val="implementation"/>
        <Attr Name="UsedIn" Val="simulation"/>
      </FileInfo>
    </File>
    <File Path="$PSRCDIR/sources_1/new/even_odd_best_dist.v">
      <FileInfo>
        <Attr Name="UsedIn" Val="synthesis"/>
        <Attr Name="UsedIn" Val="implementation"/>
        <Attr Name="UsedIn" Val="simulation"/>
      </FileInfo>
    </File>
    <File Path="$PSRCDIR/sources_1/new/majority_voter.v">
      <FileInfo>
        <Attr Name="UsedIn" Val="synthesis"/>
        <Attr Name="UsedIn" Val="implementation"/>
        <Attr Name="UsedIn" Val="simulation"/>
      </FileInfo>
    </File>
    <File Path="$PSRCDIR/sources_1/new/knn_d2s.v">
      <FileInfo>
        <Attr Name="UsedIn" Val="synthesis"/>
        <Attr Name="UsedIn" Val="implementation"/>
        <Attr Name="UsedIn" Val="simulation"/>
      </FileInfo>
    </File>
    <File Path="$PSRCDIR/sources_1/new/rom.mem">
      <FileInfo>
        <Attr Name="UsedIn" Val="synthesis"/>
        <Attr Name="UsedIn" Val="simulation"/>
      </FileInfo>
    </File>
    <Config>
      <Option Name="DesignMode" Val="RTL"/>
      <Option Name="TopModule" Val="knn_d2s"/>
      <Option Name="TopAutoSet" Val="TRUE"/>
    </Config>
  </FileSet>
  <FileSet Name="constrs_in" Type="Constrs" RelSrcDir="$PSRCDIR/constrs_1" RelGenDir="$PGENDIR/constrs_1">
    <Filter Type="Constrs"/>
    <File Path="$PSRCDIR/constrs_1/new/constraint.xdc">
      <FileInfo>
        <Attr Name="UsedIn" Val="synthesis"/>
        <Attr Name="UsedIn" Val="implementation"/>
      </FileInfo>
    </File>
    <Config>
      <Option Name="ConstrsType" Val="XDC"/>
    </Config>
  </FileSet>
  <FileSet Name="utils" Type="Utils" RelSrcDir="$PSRCDIR/utils_1" RelGenDir="$PGENDIR/utils_1">
    <Filter Type="Utils"/>
    <File Path="$PSRCDIR/utils_1/imports/synth_1/knn_d2s.dcp">
      <FileInfo>
        <Attr Name="UsedIn" Val="synthesis"/>
        <Attr Name="UsedIn" Val="implementation"/>
        <Attr Name="UsedInSteps" Val="synth_1"/>
        <Attr Name="UsedInSteps" Val="synth_1_copy_1"/>
        <Attr Name="AutoDcp" Val="1"/>
      </FileInfo>
    </File>
    <Config>
      <Option Name="TopAutoSet" Val="TRUE"/>
    </Config>
  </FileSet>
  <Strategy Version="1" Minor="2">
    <StratHandle Name="Vivado Implementation Defaults" Flow="Vivado Implementation 2025">
      <Desc>Default settings for Implementation.</Desc>
    </StratHandle>
    <Step Id="init_design"/>
    <Step Id="opt_design"/>
    <Step Id="power_opt_design"/>
    <Step Id="place_design"/>
    <Step Id="post_place_power_opt_design"/>
    <Step Id="phys_opt_design"/>
    <Step Id="route_design"/>
    <Step Id="post_route_phys_opt_design"/>
    <Step Id="write_bitstream"/>
  </Strategy>
</GenRun>
